<?xml version="1.0" encoding="UTF-8"?>
<Configuration status="WARN">
    <Appenders>
        <Console name="Console" target="SYSTEM_OUT">
            <PatternLayout
                    pattern="[%d{MM:dd HH:mm:ss.SSS}] [%level] [%logger{36}] - %msg%n"/>
        </Console>
        <RollingFile name="FileAppender" fileName="calculate_smallest_number.log" 
             filePattern="calculate_smallest_number-%d{yyyy-MM-dd}-%i.log">
          <PatternLayout pattern="${LOG_PATTERN}" />
    <Policies>
        <SizeBasedTriggeringPolicy size="10MB" />
    </Policies>
    <DefaultRolloverStrategy max="10"/>
</RollingFile>

    </Appenders>
    <Loggers>
    
        <Root level="info">
            <AppenderRef ref="Console"/>
            <AppenderRef ref="FileAppender" />
        </Root>
    </Loggers>
</Configuration>